"0","source(""0_R/abundance_v3.R"")"
"2","Warning in for (i in (1L:cols)[do]) { :"
"2","
 "
"2"," closing unused connection 8 (logs/Processing_Log_2025-01-20.txt)
"
"2","Warning in for (i in (1L:cols)[do]) { :"
"2","
 "
"2"," closing unused connection 7 (logs/Processing_Log_2025-01-20.txt)
"
"2","Warning in for (i in (1L:cols)[do]) { :"
"2","
 "
"2"," closing unused connection 6 (logs/Processing_Log_2025-01-20.txt)
"
"2","Warning in for (i in (1L:cols)[do]) { :"
"2","
 "
"2"," closing unused connection 5 (logs/Processing_Log_2025-01-20.txt)
"
